site,RMSDcorrected,RMSDbetween,RMSDwithin,BG505,BF520,significant_shift,substituted,RSA
31,0.03655926749171373,0.39090260794049236,0.35434334044877863,A,A,False,False,0.6124031007751938
32,0.1341981523571178,0.6023718697831287,0.46817371742601094,E,G,False,True,0.7174887892376681
33,0.08881059778090694,0.5874304557473605,0.4986198579664536,N,N,False,False,0.4666666666666667
34,0.06447095258749697,0.523814037218827,0.45934308463133006,L,L,False,False,0.1890547263681592
35,-0.0029420129602061307,0.3559403114245584,0.35888232438476453,W,W,False,False,0.19649122807017544
36,-0.031187524962001,0.47001260303093445,0.5012001279929355,V,V,False,False,0.0
37,0.06988776006478631,0.359232000733344,0.2893442406685577,T,T,False,False,0.0
38,0.06323519327720112,0.32677115047656863,0.2635359571993675,V,V,False,False,0.011494252873563218
39,0.17869534929073388,0.3951922885130122,0.2164969392222783,Y,Y,False,False,0.026615969581749048
40,-0.017730884674251546,0.28204427390642645,0.299775158580678,Y,Y,False,False,0.011406844106463879
41,0.012365659389814876,0.22578224719904108,0.2134165878092262,G,G,False,False,0.0
42,0.021134571754723386,0.320104949871368,0.2989703781166446,V,V,False,False,0.011494252873563218
43,0.07381984947786271,0.22463626435245265,0.15081641487458994,P,P,False,False,0.0
44,0.061837584501336196,0.42599366122289395,0.36415607672155775,V,V,False,False,0.04597701149425287
45,-0.021849226328647997,0.2920607568303931,0.3139099831590411,W,W,False,False,0.07017543859649122
46,0.06515621402258553,0.6143407549870983,0.5491845409645127,K,K,False,False,0.4491525423728814
47,-0.01501719994104772,0.4916935383546012,0.5067107382956489,D,D,False,False,0.5181347150259067
48,0.04366675355486688,0.41360643294516547,0.3699396793902986,A,A,False,False,0.1937984496124031
49,-0.02259296814694922,0.5540015598224531,0.5765945279694024,E,E,False,False,0.6547085201793722
50,-0.051875210618980705,0.38972498143389905,0.44160019205287976,T,T,False,False,0.0872093023255814
51,0.03227863670649811,0.5081276180173488,0.47584898131085074,T,T,False,False,0.20930232558139536
52,0.012970333458310612,0.39353086706773177,0.38056053360942116,L,L,False,False,0.004975124378109453
53,-0.0003951402296433759,0.5616206708572216,0.5620158110868649,F,F,False,False,0.11666666666666667
54,0.019527192482453493,0.299781742157231,0.28025454967477753,C,C,False,False,0.011976047904191617
55,0.19106538235916443,0.644358746049188,0.45329336369002354,A,A,False,False,0.007751937984496124
56,0.13730921864073853,0.5874805109204932,0.4501712922797547,S,S,False,False,0.03870967741935484
57,0.014076166500810228,0.43349895262997307,0.41942278612916284,D,D,False,False,0.5129533678756477
58,0.033181982928267906,0.5138656605266623,0.48068367759839437,A,A,False,False,0.43410852713178294
59,0.07287373291355737,0.3654363789591072,0.2925626460455498,K,K,False,False,0.673728813559322
60,0.13413062889718885,0.48768464258841787,0.353554013691229,A,A,False,False,0.10077519379844961
61,0.11539103571871262,0.5634404267019092,0.44804939098319657,Y,Y,False,False,0.6273764258555133
62,0.057642489428981314,0.5353394701027354,0.4776969806737541,E,D,False,True,0.5381165919282511
63,-0.009290403270264203,0.47982300015990564,0.48911340343016985,T,A,False,True,0.2441860465116279
64,0.2718109703575499,0.7167760234954095,0.44496505313785956,E,E,True,False,0.6502242152466368
65,0.10756717723539294,0.5530877151048869,0.4455205378694939,K,V,False,True,0.4745762711864407
66,0.027675468009384363,0.5321509589588143,0.5044754909494299,H,H,False,False,0.7767857142857143
67,0.14812734702356967,0.6091412730685334,0.4610139260449637,N,N,False,False,0.05128205128205128
68,-0.016718576694824072,0.44873399388019647,0.46545257057502054,V,I,False,True,0.040229885057471264
69,0.2898961017107221,0.709038557611104,0.4191424559003819,W,W,True,False,0.08421052631578947
70,0.0819614852855346,0.6171382895965636,0.535176804311029,A,A,False,False,0.08527131782945736
71,0.11443581467862013,0.583987570903847,0.4695517562252269,T,T,False,False,0.06976744186046512
72,0.032940000593652874,0.5820654035861476,0.5491254029924947,H,H,False,False,0.53125
73,0.12228041844102544,0.5794647801167081,0.45718436167568266,A,A,False,False,0.3488372093023256
74,0.07968610471630494,0.3304531450125609,0.25076704029625596,C,C,False,False,0.0658682634730539
75,0.23387117343549335,0.6657738519993701,0.43190267856387676,V,V,True,False,0.26436781609195403
76,0.07279213668673246,0.5753568820484172,0.5025647453616847,P,P,False,False,0.5786163522012578
77,0.02504060328825003,0.4403448216292318,0.41530421834098175,T,T,False,False,0.20348837209302326
78,-0.020410175927774055,0.512139919778227,0.5325500957060011,D,D,False,False,0.45595854922279794
79,0.02985656365136613,0.455325722789975,0.4254691591386089,P,P,False,False,0.7547169811320755
80,-0.008460995541322347,0.4941687784024899,0.5026297739438123,N,N,False,False,0.517948717948718
81,-0.018800244109897335,0.48546991915375626,0.5042701632636536,P,P,False,False,0.6289308176100629
82,0.02516812181831196,0.4542846114249552,0.4291164896066432,Q,Q,False,False,0.6355555555555555
83,-0.03716461479399308,0.3803777586799745,0.41754237347396755,E,E,False,False,0.31390134529147984
84,-0.01700772426609365,0.45675884276647316,0.4737665670325668,I,I,False,False,0.22842639593908629
85,0.11595435633127438,0.6159324028306585,0.49997804649938415,H,N,False,True,0.34375
86,-0.0344750111430972,0.4638305340116647,0.4983055451547619,L,L,False,False,0.009950248756218905
87,0.056576719995542035,0.5466668377739418,0.4900901177783997,E,E,False,False,0.5426008968609866
88,0.014221142210662618,0.566915666535491,0.5526945243248284,N,N,False,False,0.6666666666666666
89,0.10238484424683059,0.5861381480381627,0.4837533037913321,V,V,False,False,0.040229885057471264
90,0.12433712518483214,0.6210550530530019,0.49671792786816976,T,T,False,False,0.47093023255813954
91,-0.007829924463121252,0.5196087338227762,0.5274386582858974,E,E,False,False,0.1210762331838565
92,0.04646901577339002,0.553064946275833,0.506595930502443,E,E,False,False,0.5919282511210763
93,-0.00455228995830359,0.37835735025238665,0.38290964021069024,F,F,False,False,0.020833333333333332
94,-0.008478070410819605,0.5167316449126945,0.5252097153235141,N,N,False,False,0.27692307692307694
95,0.055923074642217296,0.48716447988674516,0.43124140524452786,M,M,False,False,0.03125
96,0.05494495959008755,0.4707273393428879,0.41578237975280036,W,W,False,False,0.11578947368421053
97,0.02923409526196452,0.5785766926551437,0.5493425973931791,K,K,False,False,0.635593220338983
98,0.018480009211658266,0.45746704537678684,0.4389870361651286,N,N,False,False,0.1641025641025641
99,-0.007543178263309525,0.5385554050093727,0.5460985832726822,N,N,False,False,0.2358974358974359
100,0.02032012307698322,0.30642354225990853,0.2861034191829253,M,M,False,False,0.0
101,0.16852544781395,0.5860928043624389,0.4175673565484889,V,V,False,False,0.028735632183908046
102,0.06703200060475467,0.6176929699935786,0.5506609693888239,E,E,False,False,0.30493273542600896
103,-0.008236062418645163,0.5277238893638889,0.5359599517825341,Q,Q,False,False,0.07555555555555556
104,0.17928758396603184,0.6253328306926424,0.4460452467266106,M,M,False,False,0.017857142857142856
105,0.05768649061558584,0.5895166543015148,0.531830163685929,H,H,False,False,0.08035714285714286
106,0.04071216444020215,0.4794671164251398,0.43875495198493764,T,T,False,False,0.38372093023255816
107,0.01760954547448823,0.31499998043227173,0.2973904349577835,D,D,False,False,0.04145077720207254
108,0.08997496462327004,0.46597828667303876,0.3760033220497687,I,I,False,False,0.07106598984771574
109,0.016416351988329414,0.49672270846269717,0.48030635647436776,I,I,False,False,0.2436548223350254
110,0.02790227005973761,0.4648297618701876,0.43692749181045,S,S,False,False,0.25806451612903225
111,0.14480722613313524,0.5545697296325693,0.4097625034994341,L,L,False,False,0.06467661691542288
112,0.18265141555931158,0.6276091033590434,0.4449576877997318,W,W,False,False,0.04912280701754386
113,0.23563540422655882,0.662033985592041,0.42639858136548214,D,D,True,False,0.39896373056994816
114,-0.022162586769366888,0.46341982458583586,0.48558241135520275,Q,Q,False,False,0.4
115,4.194467164508886e-05,0.55119417093409,0.5511522262624449,S,G,False,True,0.21935483870967742
116,-0.04928878601238196,0.43103278360432196,0.4803215696167039,L,L,False,False,0.08955223880597014
117,0.05917144726105855,0.4841442473832648,0.42497280012220623,K,K,False,False,0.5932203389830508
118,0.2758871049584563,0.6195032405669584,0.34361613560850207,P,P,True,False,0.6289308176100629
119,0.17168220603904588,0.4997911131368399,0.328108907097794,C,C,False,False,0.029940119760479042
120,0.09722217680303313,0.4709965626378282,0.37377438583479505,V,V,False,False,0.11494252873563218
121,0.17198145213851013,0.5500199599808048,0.37803850784229465,K,K,False,False,0.3813559322033898
122,0.08937965919809215,0.3363199996467103,0.24694034044861812,L,L,False,False,0.024875621890547265
123,0.08084353579971104,0.5449338824539337,0.46409034665422266,T,T,False,False,0.43023255813953487
124,0.015499190713967104,0.5615199709584718,0.5460207802445047,P,P,False,False,0.13836477987421383
125,0.03213341663658109,0.34875571461771665,0.31662229798113556,L,L,False,False,0.0
126,0.05096294473048257,0.2091335041285355,0.15817055939805294,C,C,False,False,0.005988023952095809
127,0.05981589892846245,0.4759186732421827,0.4161027743137202,V,V,False,False,0.022988505747126436
128,0.10780506397776124,0.4332045475946908,0.32539948361692955,T,T,False,False,0.16279069767441862
129,0.11601474922039451,0.4648062224972451,0.3487914732768506,L,L,False,False,0.0
130,0.059663523235204075,0.561723653407637,0.5020601301724329,Q,D,False,True,0.39555555555555555
131,0.05829854856017763,0.3580684410894297,0.29976989252925207,C,C,False,False,0.041916167664670656
132,-0.007914051458813631,0.5500193438253661,0.5579333952841797,T,H,False,True,0.436046511627907
133,0.027661413137666457,0.5322505051522592,0.5045890920145928,N,N,False,False,0.4153846153846154
134,0.05110996154092068,0.46508075108709035,0.41397078954616967,V,V,False,False,0.13218390804597702
135,0.1059063437044841,0.530875137463926,0.4249687937594419,T,T,False,False,0.7267441860465116
136,0.03999906275981635,0.5086504688899017,0.4686514061300854,N,Y,False,True,0.4461538461538462
137,-0.012381346304134788,0.5185708573785442,0.530952203682679,N,N,False,False,0.8153846153846154
138,0.05834590501699166,0.4483540270438687,0.390008122026877,I,I,False,False,0.4873096446700508
139,0.006835300864694249,0.43997142899839975,0.4331361281337055,T,T,False,False,0.5174418604651163
140,-0.009674704844378657,0.4536738694858053,0.46334857433018395,D,S,False,True,0.844559585492228
141,0.01794932846353864,0.4983615823274021,0.48041225386386344,D,D,False,False,0.8082901554404145
142,0.1949244071945168,0.6491990228585297,0.4542746156640129,M,M,False,False,
151,0.009979601946803918,0.5416873508858331,0.5317077489390292,R,K,False,True,0.4927007299270073
152,0.05432891053355865,0.4764179990581145,0.42208908852455584,G,E,False,True,0.2980769230769231
153,-0.0308123364734606,0.5289800599316145,0.559792396405075,E,E,False,False,0.19730941704035873
154,0.02495076662799356,0.49321179713427926,0.4682610305062857,L,I,False,True,0.07960199004975124
155,0.0638419123667755,0.484438056765877,0.4205961443991015,K,T,False,True,0.025423728813559324
156,-0.008913576195135636,0.2131585402631634,0.22207211645829902,N,N,False,False,0.26153846153846155
157,0.015366958124481023,0.2024125182012019,0.18704556007672088,C,C,False,False,0.0
158,0.046854206507866425,0.28190130756285076,0.23504710105498433,S,S,False,False,0.2064516129032258
159,0.10886149336288392,0.4700784498161207,0.36121695645323676,F,Y,False,True,0.020833333333333332
160,-0.009834661798463151,0.5748979044915324,0.5847325662899956,N,N,False,False,0.38974358974358975
161,0.15711013848120775,0.5294195477053503,0.3723094092241425,M,V,False,True,0.017857142857142856
162,-0.02977281004586063,0.514971583131458,0.5447443931773186,T,T,False,False,0.23837209302325582
163,-0.013466374461666819,0.4354865637063527,0.4489529381680195,T,T,False,False,0.1686046511627907
164,0.25930809203617566,0.68438409409947,0.4250760020632943,E,V,True,True,0.16143497757847533
165,0.42959835976869676,0.7940683812923934,0.3644700215236967,L,I,True,True,0.11940298507462686
166,0.08267811763730809,0.5813720910150973,0.49869397337778926,R,R,False,False,0.4233576642335766
167,0.028299722400708438,0.46187761827363916,0.4335778958729307,D,D,False,False,0.29533678756476683
168,0.09402078869948982,0.596051407958743,0.5020306192592532,K,K,False,False,0.5296610169491526
169,0.0426330713720543,0.5745036810376515,0.5318706096655972,K,K,False,False,0.5169491525423728
170,0.09816043001396135,0.6455071434548335,0.5473467134408722,Q,Q,False,False,0.23555555555555555
171,0.11585578590681322,0.5684135267995221,0.45255774089270884,K,K,False,False,0.6483050847457628
172,0.016976815864400363,0.5284202936194765,0.5114434777550761,V,V,False,False,0.15517241379310345
173,0.013302433928438773,0.5617762977775103,0.5484738638490715,Y,S,False,True,0.34980988593155893
174,0.12660476905914725,0.6244860143441432,0.49788124528499594,S,S,False,False,0.0
175,0.12364337024591115,0.49847758887759125,0.3748342186316801,L,L,False,False,0.03980099502487562
176,-0.0017386783028547903,0.19033844987568466,0.19207712817853945,F,F,False,False,0.004166666666666667
177,-0.02440381294811106,0.4064258860528824,0.43082969900099344,Y,Y,False,False,0.08745247148288973
178,0.0008823738942609349,0.5632107390776128,0.5623283651833518,R,K,False,True,0.2664233576642336
179,0.02257034221697629,0.4605245525519336,0.4379542103349573,L,L,False,False,0.1691542288557214
180,0.014451654013780985,0.19158063840087322,0.17712898438709224,D,D,False,False,0.010362694300518135
181,-0.02845500939216683,0.37406378504966936,0.4025187944418362,V,V,False,False,0.05172413793103448
182,0.050558486133559954,0.43634571943815276,0.3857872333045928,V,V,False,False,0.28160919540229884
183,0.034005130666900585,0.4622147573145455,0.4282096266476449,Q,Q,False,False,0.5466666666666666
184,0.03645797865203332,0.4547763105329569,0.4183183318809236,I,I,False,False,0.24873096446700507
184a,-0.04824659486924171,0.4686222726997639,0.5168688675690056,N,G,False,True,
184b,-0.04437907312835482,0.47350693380878767,0.5178860069371425,E,G,False,True,
185,0.010346509551815153,0.5403827267492599,0.5300362171974448,N,N,False,False,0.8974358974358975
186,-0.004682113669675969,0.5570832157116176,0.5617653293812935,N,N,False,False,
187,-0.016667769290087175,0.5651317058552865,0.5817994751453737,S,R,False,True,1.1419354838709677
188,-0.01845051216668825,0.5378772982289749,0.5563278103956631,N,T,False,True,0.4358974358974359
189,-0.05756225266896248,0.45633665015191976,0.5138989028208822,K,N,False,True,0.4364406779661017
190,0.013316919306255226,0.551536238383771,0.5382193190775157,E,S,False,True,0.17937219730941703
191,0.008114261450545335,0.48228186631940073,0.4741676048688554,Y,Y,False,False,0.015209125475285171
192,0.1299924232985215,0.6012228487441332,0.4712304254456117,R,R,False,False,0.072992700729927
193,-0.02343940547858908,0.3540937417536119,0.377533147232201,L,L,False,False,0.004975124378109453
194,0.0102561397974823,0.5122050342634623,0.50194889446598,I,I,False,False,0.28426395939086296
195,0.07760385928246749,0.6105623266471003,0.5329584673646328,N,N,False,False,0.02564102564102564
196,0.003130963739706255,0.22422679161554476,0.2210958278758385,C,C,False,False,0.0
197,0.001491894392174009,0.6234097445359207,0.6219178501437467,N,N,False,False,0.26153846153846155
198,0.094105487518514,0.567327476273757,0.473221988755243,T,T,False,False,0.4011627906976744
199,0.0284923332668241,0.5583575985889959,0.5298652653221718,S,S,False,False,0.0
200,0.11322646674937153,0.5779258019912541,0.46469933524188256,A,A,False,False,0.15503875968992248
201,0.2105790016308512,0.587343789912805,0.3767647882819538,I,I,False,False,0.01015228426395939
202,-0.02374543807453733,0.40417638953129004,0.42792182760582737,T,T,False,False,0.06395348837209303
203,0.01429377555961725,0.4074417577104391,0.39314798215082186,Q,Q,False,False,0.017777777777777778
204,0.07778183287384577,0.6044438197255944,0.5266619868517486,A,A,False,False,0.023255813953488372
205,-0.00785958045644275,0.3675899376041246,0.37544951806056737,C,C,False,False,0.2215568862275449
206,0.012451860305000784,0.5780171047948799,0.5655652444898791,P,P,False,False,0.20754716981132076
207,0.11654038915109804,0.6067837342810853,0.4902433451299873,K,K,False,False,0.4745762711864407
208,-0.006710366257109968,0.5008288191208149,0.5075391853779249,V,V,False,False,0.21839080459770116
209,0.022389493074722377,0.5213394911226662,0.4989499980479438,S,T,False,True,0.15483870967741936
210,0.0850862783050434,0.5395969425441127,0.45451066423906933,F,F,False,False,0.14166666666666666
211,0.002182352594128023,0.5037132254815115,0.5015308728873835,E,E,False,False,0.36771300448430494
212,0.06646955341646338,0.5557757653480406,0.48930621193157725,P,P,False,False,0.3018867924528302
213,0.0925911662553589,0.6273422505099404,0.5347510842545815,I,I,False,False,0.06091370558375635
214,-0.031168024540559336,0.44276852298402086,0.4739365475245802,P,P,False,False,0.39622641509433965
215,-0.0315752192434981,0.40546177402169026,0.43703699326518836,I,I,False,False,0.07614213197969544
216,0.07473272540787984,0.5064822126088118,0.4317494872009319,H,H,False,False,0.20089285714285715
217,0.11814116719874662,0.5269678511518705,0.4088266839531239,Y,Y,False,False,0.026615969581749048
218,0.0234060228448561,0.2247804178482346,0.2013743950033785,C,C,False,False,0.029940119760479042
219,-0.010964759646269306,0.3157183524547032,0.3266831121009725,A,A,False,False,0.0
220,0.047467816349807596,0.29184367492089175,0.24437585857108415,P,P,False,False,0.03773584905660377
221,0.10586604015769241,0.5503262073106966,0.4444601671530042,A,A,False,False,0.11627906976744186
222,0.13069771933425905,0.5111552809133451,0.380457561579086,G,G,False,False,0.09615384615384616
223,-0.008555443897485526,0.413527451178831,0.4220828950763165,F,F,False,False,0.05416666666666667
224,0.029080989428783954,0.4138478977835501,0.3847669083547661,A,A,False,False,0.015503875968992248
225,0.1261732366639971,0.5721700401362066,0.44599680347220955,I,I,False,False,0.0
226,0.03342885951964736,0.4754288908178364,0.44200003129818904,L,L,False,False,0.01990049751243781
227,-0.004734352044153622,0.5535147528787784,0.558249104922932,K,K,False,False,0.1271186440677966
228,0.0529537424165617,0.3811181371901385,0.3281643947735768,C,C,False,False,0.04790419161676647
229,0.00508787509557973,0.5193295016842291,0.5142416265886494,K,K,False,False,0.2838983050847458
230,0.02041912607842411,0.48189003798042296,0.46147091190199885,D,D,False,False,0.3005181347150259
231,-0.010756590433623092,0.5621849080339032,0.5729414984675263,K,E,False,True,0.3898305084745763
232,-0.026551580212436088,0.533417843621377,0.5599694238338131,K,K,False,False,0.5127118644067796
233,-0.023877134001988487,0.41203396910292645,0.43591110310491493,F,F,False,False,0.06666666666666667
234,0.01739966820675587,0.5100386662782456,0.4926389980714897,N,N,False,False,0.46153846153846156
235,0.003663745314661765,0.20500902530320042,0.20134527998853866,G,G,False,False,0.0
236,0.00993335356415781,0.5355931470677725,0.5256597935036147,T,T,False,False,0.32558139534883723
237,0.16490775962470489,0.6561226195873404,0.49121485996263553,G,G,False,False,0.11538461538461539
238,-0.02025845963051165,0.5324692221776862,0.5527276818081979,P,L,False,True,0.4716981132075472
239,0.03296661870243017,0.24817430115085595,0.21520768244842578,C,C,False,False,0.0
240,-0.021388149778360344,0.4659263323205226,0.48731448209888295,P,K,False,True,0.46540880503144655
241,0.04678084422164419,0.6159799694442897,0.5691991252226455,S,N,False,True,0.21935483870967742
242,0.0967679991409025,0.47487048919242575,0.37810249005152324,V,V,False,False,0.022988505747126436
243,0.12197580800653007,0.4869598817845772,0.36498407377804715,S,S,False,False,0.01935483870967742
244,0.049394881283092607,0.5024186140381426,0.45302373275505,T,T,False,False,0.03488372093023256
245,0.003963844479978218,0.47328729828883404,0.4693234538088558,V,V,False,False,0.10919540229885058
246,-0.018976838778802574,0.4605686411040008,0.4795454798828034,Q,Q,False,False,0.3466666666666667
247,0.021950123810405106,0.11728687648089503,0.09533675267048992,C,C,False,False,0.19161676646706588
248,0.04120567412381787,0.32159672956983343,0.28039105544601556,T,T,False,False,0.029069767441860465
249,0.10891716243253224,0.507402847864038,0.39848568543150575,H,H,False,False,0.15625
250,0.1031949652271067,0.48350579098473145,0.38031082575762476,G,G,False,False,0.16346153846153846
251,0.04805352889455061,0.41111868321165485,0.36306515431710423,I,I,False,False,0.02030456852791878
252,0.049595276764703156,0.484403505262211,0.43480822849750783,K,K,False,False,0.21610169491525424
253,0.04370721974384273,0.4723704739341601,0.42866325419031737,P,P,False,False,0.08176100628930817
254,0.027960672980424484,0.42221047769453407,0.3942498047141096,V,V,False,False,0.16666666666666666
255,0.05104836678442265,0.5240273110362815,0.4729789442518589,V,V,False,False,0.27011494252873564
256,-0.025414114695810952,0.3774612610525312,0.40287537574834215,S,S,False,False,0.03225806451612903
257,-0.039101142883704476,0.5399307500086796,0.5790318928923841,T,T,False,False,0.040697674418604654
258,-0.04155359980242507,0.325936126226392,0.3674897260288171,Q,Q,False,False,0.0
259,0.10983444391981534,0.43306378679095586,0.3232293428711405,L,L,False,False,0.0
260,0.04925027333659682,0.4769804759427261,0.42773020260612926,L,L,False,False,0.04975124378109453
261,-0.032225341675286734,0.3726442732013128,0.40486961487659956,L,L,False,False,0.0845771144278607
262,-0.0023891728311856153,0.3325667868498436,0.3349559596810292,N,N,False,False,0.3128205128205128
263,0.04096670725680773,0.44044217021341575,0.399475462956608,G,G,False,False,0.1346153846153846
264,0.08701453560147826,0.5275151114631826,0.4405005758617044,S,S,False,False,0.3548387096774194
265,0.06803629622486507,0.5249439509811265,0.4569076547562614,L,L,False,False,0.29850746268656714
266,0.05335381369409886,0.4995330114184096,0.44617919772431075,A,A,False,False,0.05426356589147287
267,0.03397095261481675,0.5121058801975172,0.4781349275827005,E,E,False,False,0.5829596412556054
268,0.021018446303079197,0.4718103522585017,0.4507919059554225,E,G,False,True,0.48878923766816146
269,0.06541444868156443,0.5805350539321182,0.5151206052505538,E,E,False,False,0.2556053811659193
270,0.02521534355702848,0.5608000307348808,0.5355846871778523,V,V,False,False,0.04597701149425287
271,0.03975067087428352,0.5520101214981337,0.5122594506238501,M,R,False,True,0.08035714285714286
272,0.040742920743223554,0.5181384967913418,0.4773955760481183,I,I,False,False,0.08121827411167512
273,-0.023123162919577944,0.5779751772939878,0.6010983402135658,R,R,False,False,0.05474452554744526
274,0.02513673439044406,0.5479730761377422,0.5228363417472981,S,S,False,False,0.06451612903225806
275,-0.00842688267543612,0.6121285850519472,0.6205554677273833,E,E,False,False,0.3811659192825112
276,0.020442238309947958,0.5577780669460564,0.5373358286361084,N,N,False,False,0.3384615384615385
277,-0.019011589160791542,0.4345118388362738,0.45352342799706535,I,I,False,False,0.2893401015228426
278,0.03616679038171722,0.5841072822202477,0.5479404918385304,T,T,False,False,0.6511627906976745
279,-0.012562444178258025,0.4710239429598943,0.48358638713815233,N,N,False,False,0.27692307692307694
280,0.009426243974500703,0.36982213987949636,0.36039589590499566,N,N,False,False,0.3384615384615385
281,-0.013844934450758517,0.5080245355984826,0.5218694700492411,A,A,False,False,0.5271317829457365
282,0.03346449428103315,0.4980495809495683,0.46458508666853515,K,K,False,False,0.3305084745762712
283,0.03549556600636694,0.3505654061189381,0.31506984011257116,N,N,False,False,0.2
284,-0.005808182337267542,0.3910120943026328,0.3968202766399003,I,I,False,False,0.04060913705583756
285,0.1778402992413885,0.5584699742876043,0.38062967504621575,L,I,False,True,0.04975124378109453
286,0.07098785923640599,0.29844105145192096,0.22745319221551497,V,V,False,False,0.028735632183908046
287,-0.02620881763932903,0.5566833138082722,0.5828921314476012,Q,Q,False,False,0.04
288,0.45815249431803834,0.7279872982692468,0.26983480395120846,F,L,True,True,0.016666666666666666
289,0.011403862114766683,0.48783482814789103,0.47643096603312435,N,A,False,True,0.23076923076923078
290,-0.004817921434401795,0.48574982019588264,0.49056774163028444,T,S,False,True,0.18604651162790697
291,0.03614882755197674,0.4811241925524745,0.4449753650004978,P,P,False,False,0.42138364779874216
292,0.050306102891739646,0.3140883097138471,0.26378220682210746,V,V,False,False,0.005747126436781609
293,0.007386299051495571,0.4670727742987624,0.45968647524726686,Q,T,False,True,0.5022222222222222
294,-0.01651175525702775,0.38140558629339855,0.3979173415504263,I,I,False,False,0.015228426395939087
295,0.09852683765715564,0.5187204993984508,0.42019366174129513,N,N,False,False,0.3128205128205128
296,0.033209084898294425,0.13182067164915212,0.0986115867508577,C,C,False,False,0.041916167664670656
297,0.06538332497138544,0.6104690118197807,0.5450856868483953,T,I,False,True,0.1569767441860465
298,-0.008993664562751413,0.28715713612330807,0.2961508006860595,R,R,False,False,0.010948905109489052
299,-0.044383127392977506,0.4138912749503956,0.45827440234337313,P,P,False,False,0.1320754716981132
300,0.1377623661956175,0.6027887655652873,0.4650263993696698,N,N,False,False,0.06153846153846154
301,0.10111848312108296,0.49659111308857484,0.3954726299674919,N,N,False,False,0.3076923076923077
302,0.13642297678631243,0.6745286513445283,0.5381056745582159,N,N,False,False,0.020512820512820513
303,0.04476881519638087,0.4738955333758015,0.4291267181794206,T,T,False,False,0.18604651162790697
304,0.0024599059994121486,0.5031208453715572,0.5006609393721451,R,R,False,False,0.2591240875912409
305,0.18004148058144281,0.6089511259627259,0.4289096453812831,K,K,False,False,0.2627118644067797
306,0.025818840660537745,0.6318743109771132,0.6060554703165755,S,S,False,False,0.5096774193548387
307,0.36751633684690266,0.8149713223449473,0.44745498549804463,I,V,True,True,0.04060913705583756
308,0.038461139176133474,0.5797586306778372,0.5412974915017037,R,H,False,True,0.48175182481751827
309,0.3051165718934793,0.6787792652567836,0.37366269336330427,I,L,True,True,0.08121827411167512
312,0.1877669905549697,0.766658195321045,0.5788912047660753,G,G,False,False,0.125
313,0.05268111660750102,0.5213023230547111,0.4686212064472101,P,P,False,False,0.08176100628930817
314,0.19785476314712147,0.5546041194260724,0.3567493562789509,G,G,False,False,0.4230769230769231
315,0.058886164581543776,0.5519568461926473,0.4930706816111035,Q,Q,False,False,0.3111111111111111
316,0.1839248425791612,0.6461396379719027,0.46221479539274146,A,A,False,False,0.21705426356589147
317,-0.03829930027621331,0.3656462090674395,0.4039455093436528,F,F,False,False,0.004166666666666667
317a,0.11599134976816255,0.48895732943576714,0.3729659796676046,Y,Y,False,False,
318,0.21530291682989777,0.6734351289963871,0.45813221216648936,A,A,False,False,0.12927756653992395
319,0.07358271307126929,0.6071431969265878,0.5335604838553185,T,T,False,False,0.0
320,0.0834057814955445,0.5366214519041947,0.45321567040865024,G,D,False,True,0.01744186046511628
321,0.10171123421731587,0.6438023151048046,0.5420910808874887,D,G,False,True,0.009615384615384616
322,0.14356621543711956,0.6088171309890854,0.46525091555196585,I,I,False,False,0.06598984771573604
323,0.044609323714799975,0.5631050369676995,0.5184957132528996,I,I,False,False,0.467005076142132
324,0.007707256803165113,0.21392215044275661,0.2062148936395915,G,G,False,False,0.5673076923076923
325,0.1052872501390878,0.5661515400014224,0.46086428986233463,D,E,False,True,0.689119170984456
326,0.14291342858030065,0.5148275092876732,0.37191408070737253,I,I,False,False,0.22842639593908629
327,0.21488492282120575,0.5487748434655236,0.3338899206443179,R,R,False,False,0.5328467153284672
328,0.09033853098895811,0.544084236602038,0.45374570561307986,Q,Q,False,False,0.6
329,0.1478802014321881,0.571885519601011,0.42400531816882286,A,A,False,False,0.07751937984496124
330,0.030397777371814483,0.5398368818894658,0.5094391045176513,H,H,False,False,0.16517857142857142
331,0.13545289567234414,0.4723442642538285,0.3368913685814844,C,C,False,False,0.0
332,0.12120719915317135,0.5289463373256151,0.4077391381724438,N,N,False,False,0.23076923076923078
333,0.04956089817660542,0.3149320967825646,0.2653711986059592,V,V,False,False,0.011494252873563218
334,0.11890349657892968,0.5501908478125642,0.43128735123363454,S,S,False,False,0.2709677419354839
335,0.01441229065368288,0.5251224999590816,0.5107102093053987,K,K,False,False,0.4279661016949153
336,0.04007723481815462,0.5516072137011145,0.5115299788829599,A,K,False,True,0.49612403100775193
337,0.013799013632139812,0.4824404216856141,0.46864140805347426,T,E,False,True,0.23837209302325582
338,0.0793464427484987,0.293291012405624,0.2139445696571253,W,W,False,False,0.03859649122807018
339,0.0038470867212087034,0.586294525364463,0.5824474386432543,N,N,False,False,0.558974358974359
340,0.007998682323324291,0.42997197284190014,0.42197329051857585,E,S,False,True,0.34977578475336324
341,-0.009765565380219554,0.50050338736716,0.5102689527473796,T,T,False,False,0.03488372093023256
342,-0.012523256360953638,0.3917362910108584,0.404259547371812,L,L,False,False,0.01990049751243781
343,-0.05766216566980381,0.43813546094095945,0.49579762661076326,G,Q,False,True,0.21153846153846154
344,-0.0365986147817583,0.5025276532315675,0.5391262680133257,K,K,False,False,0.2627118644067797
345,-0.010717715854507315,0.3850430891539156,0.3957608050084229,V,V,False,False,0.005747126436781609
346,0.17895140222211636,0.5433080337024615,0.36435663148034514,V,A,False,True,0.011494252873563218
347,-0.005764664008702458,0.4244616829695025,0.43022634697820494,K,N,False,True,0.5889830508474576
348,0.07459627118097073,0.5451407944573178,0.47054452327634705,Q,Q,False,False,0.06666666666666667
349,0.08517834030198967,0.4618352256484117,0.376656885346422,L,L,False,False,0.024875621890547265
350,-0.02925686368860292,0.40324360811117566,0.4325004717997786,R,R,False,False,0.0948905109489051
351,0.03396300934437241,0.45674960684680993,0.4227865975024375,K,P,False,True,0.5084745762711864
352,0.19716160458462334,0.6545661867598969,0.4574045821752735,H,Y,False,True,0.40625
353,-0.02164216886281939,0.45269161996800356,0.47433378883082294,F,F,False,False,0.20416666666666666
354,0.08304992120650811,0.5975022696163254,0.5144523484098172,G,K,False,True,0.3269230769230769
355,0.06113043396705742,0.5555960473203421,0.49446561335328465,N,N,False,False,0.6256410256410256
356,-0.016900539593387776,0.5149200808108156,0.5318206204042034,N,N,False,False,0.676923076923077
357,0.0034833470490914786,0.5610802128354101,0.5575968657863186,T,T,False,False,0.05813953488372093
358,0.018496360861035954,0.5030428981245394,0.48454653726350344,I,I,False,False,0.2233502538071066
359,0.012645086329089616,0.4116913191921293,0.3990462328630397,I,I,False,False,0.01015228426395939
360,0.05990419316914042,0.5214547300212509,0.46155053685211045,R,K,False,True,0.3284671532846715
361,0.07156637522906772,0.24573869177547442,0.1741723165464067,F,F,False,False,0.0
362,0.014459924144181124,0.47296344118062883,0.4585035170364477,A,A,False,False,0.023255813953488372
363,-0.029860792315883566,0.5108157925179722,0.5406765848338557,N,N,False,False,0.3487179487179487
364,0.07518666993962259,0.43341680786756903,0.35823013792794645,S,S,False,False,0.18064516129032257
365,0.10491841490638315,0.5413936488497078,0.4364752339433246,S,S,False,False,0.6709677419354839
366,0.05727932180355272,0.3333452335568525,0.2760659117532998,G,G,False,False,0.6057692307692307
367,0.04775565982613336,0.2363091634339562,0.18855350360782283,G,G,False,False,0.5384615384615384
368,-0.012503617072431222,0.17826494021046815,0.19076855728289938,D,D,False,False,0.6424870466321243
369,0.04745428041981081,0.5177966801853603,0.4703423997655495,L,L,False,False,0.27860696517412936
370,0.008159190733917548,0.1957022469838085,0.18754305624989095,E,E,False,False,0.2825112107623318
371,0.06198662694006374,0.44329663026902744,0.3813100033289637,V,I,False,True,0.1896551724137931
372,0.003830200611223078,0.4816531709004855,0.4778229702892624,T,T,False,False,0.23255813953488372
373,0.04130285876343165,0.4585686593943181,0.4172658006308865,T,T,False,False,0.040697674418604654
374,0.0211266981301943,0.5248625423799211,0.5037358442497268,H,H,False,False,0.004464285714285714
375,0.015885505696772606,0.5510829653006848,0.5351974596039122,S,S,False,False,0.09032258064516129
376,0.06940073609129777,0.5086773991408743,0.4392766630495765,F,F,False,False,0.06666666666666667
377,0.015220682406926755,0.6082792704136509,0.5930585880067242,N,N,False,False,0.26666666666666666
378,0.09177379067174846,0.4473912820128516,0.35561749134110315,C,C,False,False,0.017964071856287425
379,0.011178473348734785,0.5750209952363676,0.5638425218876328,G,G,False,False,0.5480769230769231
380,0.14511475894161302,0.6310793659828189,0.48596460704120586,G,G,False,False,0.14423076923076922
381,0.28082466094487857,0.6698759651547708,0.3890513042098922,E,E,True,False,0.004484304932735426
382,-0.007009244269418069,0.6049772323946512,0.6119864766640692,F,F,False,False,0.075
383,-0.02415171240466185,0.3754971160264375,0.39964882843109933,F,F,False,False,0.004166666666666667
384,0.19508593508788347,0.5447389237441884,0.34965298865630495,Y,Y,False,False,0.11026615969581749
385,0.017137770231098637,0.16124502270087776,0.14410725246977912,C,C,False,False,0.0
386,0.060112039376345405,0.5250479672404713,0.4649359278641259,N,N,False,False,0.4153846153846154
387,0.03087266234465097,0.35689528645836066,0.3260226241137097,T,T,False,False,0.011627906976744186
388,0.0019453097542692088,0.4875745519311071,0.4856292421768379,S,S,False,False,0.25161290322580643
389,0.03653502024422661,0.5551842772415676,0.518649256997341,G,G,False,False,0.4519230769230769
390,0.03180635729306869,0.3613110255482999,0.3295046682552312,L,L,False,False,0.009950248756218905
391,0.013887694881535934,0.219657524575119,0.20576982969358307,F,F,False,False,0.008333333333333333
392,0.03673155079694079,0.5584145878818414,0.5216830370849006,N,N,False,False,0.6102564102564103
393,0.06419485586444529,0.5412982288482642,0.4771033729838189,S,S,False,False,0.2064516129032258
394,-0.007818435196121298,0.4399180178770064,0.4477364530731277,T,T,False,False,0.4941860465116279
395,0.27035004880663177,0.6101211335515131,0.3397710847448813,W,W,True,False,0.20350877192982456
396,-0.008345801691724164,0.5948132094855723,0.6031590111772964,I,F,False,True,0.5634517766497462
397,0.04213452487366792,0.5027017989223532,0.4605672740486853,S,N,False,True,0.25806451612903225
398,0.03431032405084011,0.5785815319000727,0.5442712078492326,N,S,False,True,0.9743589743589743
399,-0.0204448453928589,0.36987436220379394,0.39031920759665284,T,T,False,False,
406,0.0017291515292633397,0.466196808132743,0.46446765660347966,N,N,False,False,
407,-0.014442268611604026,0.465074632564545,0.47951690117614904,S,N,False,True,
408,-0.007571457715237595,0.4011237994294324,0.40869525714467,T,S,False,True,
409,-0.0019700337729338657,0.4259828703416535,0.42795290411458736,G,N,False,True,
410,-0.0013636702469232986,0.48856057443967627,0.48992424468659956,S,S,False,False,
411,-0.022003346518016553,0.4957522511671619,0.5177555976851784,N,T,False,True,1.0512820512820513
412,-0.04119009205607649,0.4834502126734578,0.5246403047295343,D,E,False,True,0.5803108808290155
413,0.017379975027239425,0.5293098253063763,0.5119298502791368,S,N,False,True,0.36774193548387096
414,-0.05385495428181919,0.4222873471078621,0.4761423013896813,I,I,False,False,0.15228426395939088
415,0.033863799996488586,0.5821426141268127,0.5482788141303241,T,T,False,False,0.6046511627906976
416,0.02166181902409331,0.3974746718789399,0.3758128528548466,L,L,False,False,0.01990049751243781
417,0.013423065667532486,0.6054412808783473,0.5920182152108148,P,Q,False,True,0.32075471698113206
418,0.08826948645335689,0.29643365427323204,0.20816416781987515,C,C,False,False,0.07784431137724551
419,-0.02494914296780454,0.4922589535600224,0.517208096527827,R,R,False,False,0.354014598540146
420,0.32482995281795274,0.6837645654548037,0.35893461263685095,I,I,True,False,0.030456852791878174
421,-0.025488180233310787,0.419785807411983,0.4452739876452938,K,K,False,False,0.1271186440677966
422,0.04364147029044535,0.4101643057332084,0.36652283544276304,Q,Q,False,False,0.0
423,0.08814311553742332,0.5143249023355918,0.4261817867981685,I,I,False,False,0.03553299492385787
424,0.20231994754343074,0.7049654321886938,0.502645484645263,I,I,False,False,0.01015228426395939
425,0.09580544925618278,0.5233292390206694,0.42752378976448663,N,N,False,False,0.29743589743589743
426,0.06651242896367271,0.5935360094253057,0.527023580461633,M,M,False,False,0.11607142857142858
427,0.022829227552858544,0.3351273789147391,0.31229815136188055,W,W,False,False,0.11578947368421053
428,0.046735760567820694,0.47908119834553775,0.43234543777771706,Q,Q,False,False,0.6222222222222222
429,0.08811175256212989,0.5585909956348044,0.4704792430726745,R,R,False,False,0.10948905109489052
430,0.009720679273003463,0.4628330824842732,0.4531124032112697,I,A,False,True,0.7157360406091371
431,-0.015485699476252335,0.5385969612338859,0.5540826607101382,G,G,False,False,0.33653846153846156
432,0.11759874425502431,0.5615090845004217,0.4439103402453974,Q,Q,False,False,0.3466666666666667
433,0.16428346725170606,0.5499902122187811,0.385706744967075,A,A,False,False,0.023255813953488372
434,0.22064725224831527,0.47844558462831355,0.2577983323799983,M,I,True,True,0.0
435,0.08941389758384333,0.41819921424968015,0.3287853166658368,Y,Y,False,False,0.0076045627376425855
436,0.2921217291734301,0.6604870349046668,0.36836530573123666,A,A,True,False,0.0
437,0.031750634341533635,0.46480981975568425,0.4330591854141506,P,P,False,False,0.07547169811320754
438,0.06378187217673575,0.45174250073912103,0.3879606285623853,P,P,False,False,0.006289308176100629
439,-0.006457926337819275,0.473240690769023,0.47969861710684225,I,I,False,False,0.15736040609137056
440,0.04408915941057612,0.5742224321048203,0.5301332726942442,Q,P,False,True,0.47555555555555556
441,0.1518662929188953,0.5074333680692562,0.3555670751503609,G,G,False,False,0.14423076923076922
442,0.12447350982885469,0.5863404444219993,0.4618669345931446,V,V,False,False,0.4827586206896552
443,0.06280943810133077,0.5574942650942395,0.4946848269929087,I,I,False,False,0.09644670050761421
444,0.06374227176037783,0.5711242056324568,0.507381933872079,R,R,False,False,0.6459854014598541
445,0.06050635931232318,0.31658577743243665,0.2560794181201135,C,C,False,False,0.16766467065868262
446,-0.005457804477281614,0.5211682866705788,0.5266260911478604,V,K,False,True,0.3045977011494253
447,0.0857276055876271,0.5819686378515722,0.49624103226394506,S,S,False,False,0.15483870967741936
448,0.057243423747720845,0.6372106752904871,0.5799672515427663,N,N,False,False,0.3230769230769231
449,-0.053291917965261726,0.30126898352361026,0.354560901488872,I,I,False,False,0.0
450,0.06944373529598746,0.5317841684995576,0.4623404332035701,T,T,False,False,0.005813953488372093
451,0.06971040910870424,0.3039953391512246,0.23428493004252038,G,G,False,False,0.0
452,0.07577426378375585,0.3949972760255318,0.31922301224177596,L,L,False,False,0.004975124378109453
453,0.1388376615044401,0.4420214753691928,0.3031838138647527,I,I,False,False,0.005076142131979695
454,0.18666679949633708,0.6401270088553118,0.45346020935897474,L,L,False,False,0.024875621890547265
455,0.016702829477923786,0.4390288643721181,0.4223260348941943,T,T,False,False,0.20348837209302326
456,0.13618934975328223,0.566819816023376,0.4306304662700938,R,R,False,False,0.06934306569343066
457,0.09531524409526843,0.43336101408895444,0.338045769993686,D,D,False,False,0.27461139896373055
458,0.08169974178661824,0.2970657550082991,0.2153660132216809,G,G,False,False,0.36538461538461536
459,-0.04568873118971334,0.44793798452420475,0.4936267157139181,G,G,False,False,0.5865384615384616
460,0.05765915640667596,0.5004154463429636,0.4427562899362877,S,S,False,False,0.3870967741935484
461,-0.0027149083646170746,0.5254893701655019,0.528204278530119,T,N,False,True,0.6395348837209303
462,-0.00989567899109245,0.490163544652256,0.5000592236433484,N,K,False,True,0.7794871794871795
463,0.08678647953207463,0.5336011599149811,0.4468146803829065,S,N,False,True,0.2903225806451613
464,0.06651553560541135,0.4808396270274922,0.4143240914220809,T,T,False,False,0.45348837209302323
465,-0.026003705066781513,0.504288103245424,0.5302918083122055,T,S,False,True,0.4476744186046512
466,0.01079611120723617,0.33178383468371353,0.32098772347647736,E,E,False,False,0.18385650224215247
467,0.042660038063673855,0.5182659030053424,0.4756058649416685,T,T,False,False,0.0872093023255814
468,0.05184969611497334,0.2717396522443583,0.21988995612938497,F,F,False,False,0.008333333333333333
469,0.04136190395365302,0.21387126626759873,0.1725093623139457,R,R,False,False,0.17518248175182483
470,-0.022398804165896125,0.337570924561612,0.3599697287275081,P,P,False,False,0.031446540880503145
471,0.0685477689733941,0.5817307568669258,0.5131829878935317,G,G,False,False,0.07692307692307693
472,-0.016243425831644787,0.21058719158369532,0.2268306174153401,G,G,False,False,0.10576923076923077
473,-0.0051244621449639816,0.2580927084652283,0.2632171706101923,G,G,False,False,0.25
474,0.049441459796437215,0.39938772461976535,0.34994626482332813,D,D,False,False,0.23834196891191708
475,0.0976781636816827,0.5302555588949199,0.43257739521323724,M,M,False,False,0.0625
476,0.030454142608048074,0.5025785628797842,0.4721244202717361,R,R,False,False,0.30656934306569344
477,0.037696068866226395,0.3607311268042147,0.3230350579379883,D,D,False,False,0.07772020725388601
478,0.00304289615780029,0.5454882579088013,0.542445361751001,N,N,False,False,0.02564102564102564
479,0.09269221474320055,0.39019946188923105,0.2975072471460305,W,W,False,False,0.010526315789473684
480,0.12651284991504108,0.5336661470417432,0.4071532971267021,R,R,False,False,0.1386861313868613
481,0.09772687302332428,0.5975905559690236,0.4998636829456993,S,S,False,False,0.08387096774193549
482,0.02421672437201311,0.4359729197606802,0.4117561953886671,E,E,False,False,0.06278026905829596
483,0.02915103237410155,0.43829661790582203,0.4091455855317205,L,L,False,False,0.009950248756218905
484,0.1685193455872238,0.5179350964689663,0.3494157508817425,Y,Y,False,False,0.10646387832699619
485,-0.0044918394834636555,0.510463150983505,0.5149549904669687,K,K,False,False,0.1016949152542373
486,0.02490539436250072,0.3270023972104056,0.30209700284790486,Y,Y,False,False,0.015209125475285171
487,-0.008149665561209968,0.15888194631415797,0.16703161187536794,K,K,False,False,0.07203389830508475
488,-0.06427345937041085,0.3506068754357536,0.41488033480616443,V,V,False,False,0.05172413793103448
489,-0.012946681347646816,0.2927912504292009,0.3057379317768477,V,V,False,False,0.0
490,-0.028326501392509085,0.44353503404811845,0.47186153544062753,K,K,False,False,0.2330508474576271
491,0.19549267825621114,0.46455350580743365,0.2690608275512225,I,I,False,False,0.03553299492385787
492,-0.01998700891145011,0.4360288576236375,0.45601586653508763,E,E,False,False,0.17040358744394618
493,0.22667836127311347,0.5537479810049512,0.3270696197318377,P,P,True,False,0.012578616352201259
494,0.04822505852124026,0.46093888552947826,0.412713827008238,L,I,False,True,0.08955223880597014
495,0.11338187001293498,0.4162267997583709,0.3028449297454359,G,G,False,False,0.038461538461538464
496,0.05755367182378934,0.5272980628285786,0.46974439100478926,V,V,False,False,0.011494252873563218
497,-0.034490127803964515,0.24307427169763265,0.27756439950159717,A,A,False,False,0.0
498,0.09027416174586592,0.32662986475920835,0.23635570301334244,P,P,False,False,0.05660377358490566
499,0.262535702754754,0.5609934102134185,0.2984577074586645,T,T,True,False,0.08139534883720931
500,0.049926807322720534,0.5276748896626927,0.4777480823399722,R,R,False,False,0.3357664233576642
501,0.023101370806017096,0.27782406960312517,0.25472269879710807,A,A,False,False,0.005988023952095809
502,0.009301923776043386,0.5076246463191285,0.49832272254308513,K,K,False,False,0.3686440677966102
503,0.040033391000434765,0.20476099162405803,0.16472760062362327,R,R,False,False,0.12773722627737227
504,0.06636794924134237,0.5029555749294558,0.4365876256881134,R,R,False,False,0.6204379562043796
505,0.29906376471967744,0.5407072054027785,0.24164344068310106,V,V,True,False,0.9195402298850575
506,0.17683297143805632,0.45556423656259754,0.2787312651245412,V,V,False,False,
507,0.12814051243907254,0.5440366625150312,0.4158961500759587,G,E,False,True,
508,0.025002077662237387,0.3432384709471289,0.3182363932848915,R,R,False,False,
509,0.06523159583637833,0.5140528956062839,0.44882129976990554,E,E,False,False,
510,0.14266905251368994,0.5539914509636603,0.4113223984499704,K,K,False,False,
511,0.06096015766517188,0.22947295831572487,0.168512800650553,R,R,False,False,
512,0.5205057707759411,0.7023484560430212,0.1818426852670801,A,A,True,False,
513,0.08572668606827116,0.528197968692276,0.4424712826240048,V,V,False,False,
514,-0.017132418269502736,0.4705691521250454,0.48770157039454815,G,G,False,False,
515,0.018844315945508006,0.48728418304850746,0.46843986710299945,I,I,False,False,
516,0.49834176288267307,0.7509824121460236,0.2526406492633505,G,G,True,False,
517,0.06690705144337608,0.23424612094322608,0.16733906949985,A,A,False,False,
518,0.16456509622953136,0.49582188533749355,0.3312567891079622,V,V,False,False,1.0172413793103448
519,0.050131351912069966,0.43934015566139206,0.3892088037493221,F,F,False,False,0.6833333333333333
520,0.2586203476213887,0.5606540333203861,0.3020336856989974,L,I,True,True,0.5174129353233831
521,0.12028522198686126,0.3686009640581256,0.24831574207126433,G,G,False,False,0.18269230769230768
522,0.033004350367019236,0.19476790290093282,0.16176355253391358,F,F,False,False,0.09583333333333334
523,-0.008826183864712622,0.29238492625555995,0.3012111101202726,L,L,False,False,0.004975124378109453
524,-0.020176615945546095,0.4601157598445954,0.4802923757901415,G,G,False,False,0.04807692307692308
525,0.2861301557651187,0.5204080996987797,0.234277943933661,A,A,True,False,0.015503875968992248
526,0.11837727216737658,0.22831619987221116,0.10993892770483459,A,A,False,False,0.007751937984496124
527,0.1857684451478071,0.4522972315147002,0.2665287863668931,G,G,False,False,0.09615384615384616
528,0.158996789571099,0.35149965740549904,0.19250286783440004,S,S,False,False,0.22580645161290322
529,0.017701392143026545,0.05269628173144094,0.034994889588414395,T,T,False,False,0.29651162790697677
530,0.00801519561196333,0.04148331930673874,0.03346812369477541,M,M,False,False,0.0
531,0.022756039760711486,0.1237045116892399,0.10094847192852842,G,G,False,False,0.1346153846153846
532,0.1043680091784415,0.23130242549713803,0.12693441631869654,A,A,False,False,0.3178294573643411
533,0.03627066312217095,0.12407119644201352,0.08780053331984257,A,A,False,False,0.007751937984496124
534,0.003680787020137688,0.3930110987301131,0.3893303117099754,S,S,False,False,0.05806451612903226
535,0.05451676907607739,0.5067058071435272,0.4521890380674498,M,V,False,True,0.47767857142857145
536,0.0348669314810624,0.31611134946797836,0.28124441798691596,T,T,False,False,0.1569767441860465
537,0.011428740930787676,0.13103835677910747,0.11960961584831979,L,L,False,False,0.0
538,0.015489453837093603,0.23879795662282655,0.22330850278573294,T,T,False,False,0.06395348837209303
539,0.013682745824897147,0.24314059950626424,0.2294578536813671,V,V,False,False,0.1724137931034483
540,0.031767344283017335,0.21990191044620874,0.1881345661631914,Q,Q,False,False,0.013333333333333334
541,-0.013431305701428392,0.23385157661990522,0.2472828823213336,A,A,False,False,0.046511627906976744
542,0.242099599096204,0.4870210950295814,0.24492149593337742,R,R,True,False,0.29927007299270075
543,0.009518085605938031,0.488568533953082,0.47905044834714394,N,Q,False,True,0.30256410256410254
544,0.07286403268609598,0.44682003628025757,0.3739560035941616,L,L,False,False,0.04477611940298507
545,0.03317359741813852,0.4449755107868245,0.411801913368686,L,L,False,False,0.13432835820895522
546,0.08145359900173271,0.40244065367752346,0.32098705467579075,S,S,False,False,0.6516129032258065
547,0.019976664509264663,0.13670113702459807,0.11672447251533341,G,G,False,False,0.4807692307692308
548,0.11573149132673799,0.49023715538263957,0.3745056640559016,I,I,False,False,
549,0.09365190469779094,0.4131548417445015,0.31950293704671057,V,V,False,False,
550,0.06426024244713113,0.4459373748540029,0.3816771324068718,Q,Q,False,False,
551,0.06468398785010598,0.5888683990041003,0.5241844111539943,Q,Q,False,False,
552,0.06877337758292429,0.5318753943602963,0.463102016777372,Q,Q,False,False,
553,-0.0012905338411997591,0.4669057396755109,0.46819627351671067,S,S,False,False,
554,0.044913707719306695,0.6012946425988067,0.5563809348795,N,N,False,False,
555,0.025130039113185898,0.20865987255007834,0.18352983343689244,L,L,False,False,
556,0.022429839153884634,0.3844108752349275,0.3619810360810429,L,L,False,False,
557,0.13178863814508518,0.5697142317230611,0.43792559357797595,R,R,False,False,
558,-0.020253202392515324,0.4296315574718593,0.44988475986437465,A,A,False,False,
559,0.04932484124996861,0.3672116401660143,0.3178867989160457,I,I,False,False,
560,-0.0016306012008780457,0.45460047922953983,0.4562310804304179,E,E,False,False,
561,0.011446251388082695,0.4566882261294849,0.4452419747414022,A,A,False,False,
562,0.09808051270370718,0.27777802438105603,0.17969751167734885,Q,Q,False,False,
563,-0.020766231994200912,0.45275816108533756,0.4735243930795385,Q,Q,False,False,
564,0.11858474545022307,0.6071463855763088,0.48856164012608577,H,H,False,False,
565,0.14182570164965386,0.5045017953384305,0.3626760936887767,L,L,False,False,
566,0.13287132890624698,0.39192749334100296,0.259056164434756,L,L,False,False,
567,0.009709033970978553,0.518267715050572,0.5085586810795935,K,K,False,False,
568,-0.011995359595924071,0.25332927650363424,0.2653246360995583,L,L,False,False,
569,0.05381055342651031,0.4311907344711362,0.3773801810446259,T,T,False,False,0.8023255813953488
570,-0.045826713032895594,0.4436839645890139,0.4895106776219095,V,V,False,False,0.20114942528735633
571,-0.00782219088161655,0.08261917259967921,0.09044136348129576,W,W,False,False,0.028070175438596492
572,0.022717037750001084,0.24840613094126748,0.2256890931912664,G,G,False,False,0.28846153846153844
573,0.029053826663889448,0.47085950489581624,0.4418056782319268,I,I,False,False,0.4467005076142132
574,0.06363387170715151,0.5003987855558488,0.4367649138486973,K,K,False,False,0.1228813559322034
575,-0.04552993970501057,0.4190174258678941,0.46454736557290466,Q,Q,False,False,0.24
576,0.08723781883970547,0.17262844733178095,0.08539062849207549,L,L,False,False,0.0945273631840796
577,0.13951572170696452,0.5341075332897355,0.39459181158277096,Q,Q,False,False,0.30666666666666664
578,-0.02632983878428613,0.26785418520415055,0.2941840239884367,A,A,False,False,0.031007751937984496
579,0.041076731984534265,0.35143215008476014,0.3103554181002259,R,R,False,False,0.2116788321167883
580,0.20233153659575592,0.5604372121804789,0.358105675584723,V,V,False,False,0.034482758620689655
581,0.17083954030307436,0.5949960046016183,0.4241564642985439,L,L,False,False,0.18407960199004975
582,0.28621588631764644,0.5459713552012279,0.2597554688835814,A,A,True,False,0.07751937984496124
583,0.2684497364857834,0.5798290090555313,0.31137927256974784,V,V,True,False,0.06896551724137931
584,-0.010020236688435713,0.296107351400164,0.3061275880885997,E,E,False,False,0.2556053811659193
585,0.03845420945415068,0.4895527795341741,0.4510985700800234,R,R,False,False,0.16423357664233576
586,0.06727410978141424,0.40699744835336515,0.3397233385719509,Y,Y,False,False,0.08745247148288973
587,0.2827730712955359,0.5646648602777917,0.2818917889822558,L,L,True,False,0.04975124378109453
588,0.11821822967813422,0.6476767712391448,0.5294585415610106,R,K,False,True,0.1897810218978102
589,0.004889313323325761,0.5342738912147033,0.5293845778913775,D,D,False,False,0.046632124352331605
590,0.07464573722734485,0.5462179168841276,0.4715721796567827,Q,Q,False,False,0.18222222222222223
591,0.02052570788350505,0.3944325497872653,0.3739068419037602,Q,Q,False,False,0.07111111111111111
592,0.1769613774209818,0.3426323642896347,0.16567098686865292,L,L,False,False,0.0845771144278607
593,0.08894482051986047,0.3304775453989401,0.24153272487907962,L,L,False,False,0.01990049751243781
594,0.014512773877834895,0.45617958018695537,0.4416668063091205,G,G,False,False,0.0673076923076923
595,0.14671733255934583,0.48305430169424374,0.3363369691348979,I,I,False,False,0.05583756345177665
596,0.06795776483155597,0.394691579452411,0.32673381462085505,W,W,False,False,0.007017543859649123
597,0.036927102944624535,0.2518194030606068,0.21489230011598226,G,G,False,False,0.21153846153846154
598,0.012085065217910352,0.04019254963324315,0.0281074844153328,C,C,False,False,0.029940119760479042
599,0.47056705614252464,0.7484080091840049,0.2778409530414802,S,S,True,False,0.3096774193548387
600,0.19201673061575086,0.4712594548655869,0.27924272424983604,G,G,False,False,0.27884615384615385
601,0.025826783818009014,0.44423626311795267,0.41840947929994365,K,K,False,False,0.059322033898305086
602,0.17988543478551447,0.4130104856383009,0.23312505085278643,L,L,False,False,0.03980099502487562
603,0.009044000418380965,0.14821256650712916,0.1391685660887482,I,I,False,False,0.06598984771573604
604,0.00377495044623892,0.09244405801588208,0.08866910756964316,C,C,False,False,0.08383233532934131
605,0.3044636258921349,0.695995515977878,0.39153189008574313,T,T,True,False,0.0718562874251497
606,0.09403312002575685,0.20447499227124713,0.11044187224549028,T,T,False,False,0.029069767441860465
607,-0.002448250516944306,0.5444590521102532,0.5469073026271976,N,N,False,False,0.19487179487179487
608,0.030201797214825493,0.228258958489922,0.1980571612750965,V,V,False,False,0.06321839080459771
609,0.1150914596042697,0.6157979090917786,0.5007064494875089,P,P,False,False,0.4779874213836478
610,-0.006777102617108788,0.11293918164791597,0.11971628426502476,W,W,False,False,0.10526315789473684
611,0.05587155665388355,0.4167633563917811,0.36089179973789753,N,N,False,False,0.4717948717948718
612,-0.004585478088241779,0.42090231754355095,0.42548779563179273,S,S,False,False,0.4645161290322581
613,0.06208791262030705,0.44221732700315536,0.3801294143828483,S,S,False,False,0.5290322580645161
614,0.09075302586265235,0.260585919941954,0.16983289407930166,W,W,False,False,0.06315789473684211
615,0.1586636897123061,0.6073362075572751,0.44867251784496903,S,S,False,False,0.10967741935483871
616,0.20477515464133283,0.6394800091905588,0.43470485454922597,N,N,False,False,0.558974358974359
617,0.1554055276553893,0.5568462732676506,0.4014407456122613,R,K,False,True,0.3795620437956204
618,0.27124682020329444,0.5641634970182476,0.2929166768149532,N,S,True,True,0.5025641025641026
619,0.00433699951514166,0.4538141321278116,0.4494771326126699,L,Q,False,True,0.27860696517412936
620,0.06818282312042456,0.5669279880232613,0.4987451649028367,S,D,False,True,0.4838709677419355
621,0.0487963339764938,0.49506017417210074,0.44626384019560694,E,E,False,False,0.31390134529147984
622,0.06643678714695184,0.3589232800728636,0.2924864929259118,I,I,False,False,0.015228426395939087
623,-0.02930695060033417,0.22696328921462172,0.2562702398149559,W,W,False,False,0.06315789473684211
624,0.014004552277881777,0.4077501475746979,0.39374559529681613,D,G,False,True,0.6580310880829016
625,0.03430206521313739,0.4352915317476912,0.4009894665345538,N,N,False,False,0.48717948717948717
626,0.2602425335272757,0.5275668109891337,0.267324277461858,M,M,True,False,0.017857142857142856
627,0.16205006106637768,0.3366124677254725,0.1745624066590948,T,T,False,False,0.1569767441860465
628,0.08596281200729218,0.18933379591592295,0.10337098390863077,W,W,False,False,0.010526315789473684
629,0.07205861504354633,0.47234242525601555,0.4002838102124692,L,L,False,False,0.22388059701492538
630,0.13496340812016933,0.5899769448545549,0.45501353673438555,Q,Q,False,False,0.4
631,0.04244066320298959,0.17350125822005874,0.13106059501706915,W,W,False,False,0.0
632,0.034109892080321,0.3680408338379143,0.3339309417575933,D,D,False,False,0.18652849740932642
633,0.20432787993632773,0.6574411411362439,0.45311326119991613,K,K,False,False,0.5211864406779662
634,0.025154342555530673,0.44746676780913713,0.42231242525360646,E,E,False,False,0.2645739910313901
635,0.14130315351851086,0.4924557734359628,0.35115261991745195,I,V,False,True,0.025380710659898477
636,0.061333508280292104,0.5085420491401558,0.44720854085986367,S,S,False,False,0.3032258064516129
637,0.01970172323683761,0.4661648370926075,0.44646311385576987,N,N,False,False,0.6923076923076923
638,0.12776498684675486,0.5907277348289611,0.46296274798220627,Y,Y,False,False,0.24714828897338403
639,-0.01600459103449542,0.44482101306302685,0.46082560409752227,T,T,False,False,0.16279069767441862
640,0.13695615315584175,0.6869232906832017,0.5499671375273599,Q,Q,False,False,0.6444444444444445
641,-0.04927917139869503,0.4571409266559951,0.5064200980546901,I,I,False,False,0.5888324873096447
642,0.041188254484932296,0.3143512252217833,0.27316297073685103,I,I,False,False,0.005076142131979695
643,0.01399193929506265,0.37399743373074495,0.3600054944356823,Y,Y,False,False,0.07604562737642585
644,-0.04602143788264623,0.4249557675307098,0.470977205413356,G,T,False,True,0.2980769230769231
645,0.1480485901764746,0.5224946139330969,0.37444602375662234,L,L,False,False,0.3880597014925373
646,0.07656471275969395,0.49420508615196956,0.4176403733922756,L,I,False,True,0.009950248756218905
647,0.039548491261519214,0.5315114626693597,0.49196297140784045,E,E,False,False,0.04932735426008968
648,0.01570836678948717,0.4385326571404088,0.4228242903509216,E,E,False,False,0.49327354260089684
649,0.14198211879724826,0.6160795288046349,0.47409741000738664,S,S,False,False,0.07096774193548387
650,0.045684625881232066,0.43478897034692726,0.3891043444656952,Q,Q,False,False,0.06666666666666667
651,0.04772220976772995,0.5276347913041065,0.47991258153637656,N,N,False,False,0.05641025641025641
652,0.016766912224627173,0.5038108667556441,0.48704395453101695,Q,Q,False,False,0.29333333333333333
653,0.005677095779762609,0.31286332600266087,0.30718623022289826,Q,Q,False,False,0.19111111111111112
654,0.1786414039587308,0.4500325490031928,0.271391145044462,E,E,False,False,0.15695067264573992
655,0.07549228414291342,0.5338862764269106,0.45839399228399713,K,K,False,False,0.4110169491525424
656,0.10592431782370737,0.5058936802168763,0.39996936239316894,N,N,False,False,0.39487179487179486
657,0.07135663915678264,0.4453713973653896,0.37401475820860697,E,E,False,False,0.242152466367713
658,-0.012531381311070011,0.5309486132568574,0.5434799945679274,Q,Q,False,False,0.13777777777777778
659,0.06115377503912822,0.5356574124889146,0.4745036374497864,D,D,False,False,0.41450777202072536
660,0.11945593456061698,0.4766086943239473,0.35715275976333033,L,L,False,False,0.4129353233830846
661,0.12146502822212568,0.44387871909533433,0.32241369087320865,L,L,False,False,0.11442786069651742
662,0.02890471667943717,0.38014083834428714,0.35123612166484997,A,A,False,False,0.3023255813953488
663,-0.010701120919383356,0.4943698895557398,0.5050710104751231,L,L,False,False,0.6119402985074627
664,0.20873059450219172,0.5681970339938271,0.3594664394916354,D,D,False,False,0.8238341968911918
665,-0.00044653346205986155,0.43807249274455257,0.43851902620661243,K,K,False,False,
666,-0.038341711077974516,0.3133896878456121,0.3517313989235866,W,W,False,False,
667,0.00798696567674173,0.5396310847014048,0.531644119024663,A,A,False,False,
668,0.11568293611652991,0.4956612039403918,0.3799782678238619,S,S,False,False,
669,-0.0016892735653678548,0.1724290071843265,0.17411828074969435,L,L,False,False,
670,0.035252271945227565,0.37361834338172456,0.338366071436497,W,W,False,False,
671,0.11366168747432082,0.47760565466139493,0.3639439671870741,N,N,False,False,
672,-0.006208627966469621,0.19527712962844912,0.20148575759491874,W,W,False,False,
673,0.12517506512458432,0.45919933828226306,0.33402427315767874,F,F,False,False,
674,0.013956529765371872,0.5740238101080104,0.5600672803426385,D,N,False,True,
675,0.19280547045577182,0.3840841038627569,0.19127863340698506,I,I,False,False,
676,-0.028143553569645652,0.26286794296348154,0.2910114965331272,S,S,False,False,
677,0.06356207735244113,0.6141542385719448,0.5505921612195037,N,Q,False,True,
678,0.05259309983726257,0.4547275531043111,0.40213445326704855,W,W,False,False,
679,-0.002583298037232673,0.3879930448999687,0.3905763429372014,L,L,False,False,
680,0.06528321221678501,0.5080733904011875,0.44279017818440247,W,W,False,False,
681,-0.03269556729984491,0.416659286226308,0.4493548535261529,Y,Y,False,False,
682,0.05094247693803178,0.5088898433237888,0.45794736638575706,I,I,False,False,
683,0.07216039655348527,0.44637916464944516,0.3742187680959599,K,K,False,False,
684,-0.02521131235292451,0.5088176912558542,0.5340290036087787,I,I,False,False,
685,0.05854732744169666,0.48982534044686227,0.4312780130051656,F,F,False,False,
686,0.18499055253649233,0.5222302633172756,0.3372397107807833,I,I,False,False,
687,0.012976819919011007,0.5472904161501427,0.5343135962311317,M,I,False,True,
688,0.1407662599308644,0.5444066814929482,0.40364042156208385,I,I,False,False,
689,0.02632134502059219,0.5167375674877696,0.49041622246717737,V,V,False,False,
690,-0.003411018455589998,0.5263506200763169,0.5297616385319069,G,G,False,False,
691,0.0405507178767025,0.5746898189317415,0.534139101055039,G,G,False,False,
692,0.07028167234793564,0.5453546859842913,0.4750730136363556,L,L,False,False,
693,0.06764019192527237,0.4823019924229194,0.414661800497647,I,I,False,False,
694,0.004022360409374537,0.3969856407686489,0.39296328035927436,G,G,False,False,
695,0.047056824246219486,0.4718170773969279,0.4247602531507084,L,L,False,False,
696,0.0487755283407903,0.4616554204311233,0.412879892090333,R,R,False,False,
697,0.0264720586831938,0.41352053557608637,0.38704847689289257,I,I,False,False,
698,0.05795147098367415,0.5029513534910033,0.44499988250732914,V,V,False,False,
699,-0.005472926840285219,0.5417487401555987,0.5472216669958839,F,F,False,False,
700,-0.028852411895179453,0.4806925709872338,0.5095449828824132,A,A,False,False,
701,0.008297209643138459,0.4899569053509289,0.48165969570779044,V,V,False,False,
702,-0.03167094414470695,0.4284685877354775,0.46013953188018447,L,L,False,False,
