original,new,wildtype
1,1,M
2,2,R
3,3,V
4,4,M
5,4a,G
6,4b,I
7,4c,Q
8,5,R
9,6,N
10,7,C
11,8,Q
12,9,H
13,10,L
14,11,F
15,12,R
16,17,W
17,18,G
18,19,T
19,20,M
20,21,I
21,22,L
22,23,G
23,24,M
24,25,I
25,26,I
26,27,I
27,28,C
28,29,S
29,30,A
30,31,A
31,32,E
32,33,N
33,34,L
34,35,W
35,36,V
36,37,T
37,38,V
38,39,Y
39,40,Y
40,41,G
41,42,V
42,43,P
43,44,V
44,45,W
45,46,K
46,47,D
47,48,A
48,49,E
49,50,T
50,51,T
51,52,L
52,53,F
53,54,C
54,55,A
55,56,S
56,57,D
57,58,A
58,59,K
59,60,A
60,61,Y
61,62,E
62,63,T
63,64,E
64,65,K
65,66,H
66,67,N
67,68,V
68,69,W
69,70,A
70,71,T
71,72,H
72,73,A
73,74,C
74,75,V
75,76,P
76,77,T
77,78,D
78,79,P
79,80,N
80,81,P
81,82,Q
82,83,E
83,84,I
84,85,H
85,86,L
86,87,E
87,88,N
88,89,V
89,90,T
90,91,E
91,92,E
92,93,F
93,94,N
94,95,M
95,96,W
96,97,K
97,98,N
98,99,N
99,100,M
100,101,V
101,102,E
102,103,Q
103,104,M
104,105,H
105,106,T
106,107,D
107,108,I
108,109,I
109,110,S
110,111,L
111,112,W
112,113,D
113,114,Q
114,115,S
115,116,L
116,117,K
117,118,P
118,119,C
119,120,V
120,121,K
121,122,L
122,123,T
123,124,P
124,125,L
125,126,C
126,127,V
127,128,T
128,129,L
129,130,Q
130,131,C
131,132,T
132,133,N
133,134,V
134,135,T
135,136,N
136,137,N
137,138,I
138,139,T
139,140,D
140,141,D
141,142,M
142,151,R
143,152,G
144,153,E
145,154,L
146,155,K
147,156,N
148,157,C
149,158,S
150,159,F
151,160,N
152,161,M
153,162,T
154,163,T
155,164,E
156,165,L
157,166,R
158,167,D
159,168,K
160,169,K
161,170,Q
162,171,K
163,172,V
164,173,Y
165,174,S
166,175,L
167,176,F
168,177,Y
169,178,R
170,179,L
171,180,D
172,181,V
173,182,V
174,183,Q
175,184,I
176,184a,N
177,184b,E
178,184c,N
179,184d,Q
180,184e,G
181,184f,N
182,184g,R
183,184h,S
184,185,N
185,186,N
186,187,S
187,188,N
188,189,K
189,190,E
190,191,Y
191,192,R
192,193,L
193,194,I
194,195,N
195,196,C
196,197,N
197,198,T
198,199,S
199,200,A
200,201,I
201,202,T
202,203,Q
203,204,A
204,205,C
205,206,P
206,207,K
207,208,V
208,209,S
209,210,F
210,211,E
211,212,P
212,213,I
213,214,P
214,215,I
215,216,H
216,217,Y
217,218,C
218,219,A
219,220,P
220,221,A
221,222,G
222,223,F
223,224,A
224,225,I
225,226,L
226,227,K
227,228,C
228,229,K
229,230,D
230,231,K
231,232,K
232,233,F
233,234,N
234,235,G
235,236,T
236,237,G
237,238,P
238,239,C
239,240,P
240,241,S
241,242,V
242,243,S
243,244,T
244,245,V
245,246,Q
246,247,C
247,248,T
248,249,H
249,250,G
250,251,I
251,252,K
252,253,P
253,254,V
254,255,V
255,256,S
256,257,T
257,258,Q
258,259,L
259,260,L
260,261,L
261,262,N
262,263,G
263,264,S
264,265,L
265,266,A
266,267,E
267,268,E
268,269,E
269,270,V
270,271,M
271,272,I
272,273,R
273,274,S
274,275,E
275,276,N
276,277,I
277,278,T
278,279,N
279,280,N
280,281,A
281,282,K
282,283,N
283,284,I
284,285,L
285,286,V
286,287,Q
287,288,F
288,289,N
289,290,T
290,291,P
291,292,V
292,293,Q
293,294,I
294,295,N
295,296,C
296,297,T
297,298,R
298,299,P
299,300,N
300,301,N
301,302,N
302,303,T
303,304,R
304,305,K
305,306,S
306,307,I
307,308,R
308,309,I
309,312,G
310,313,P
311,314,G
312,315,Q
313,316,A
314,317,F
315,317a,Y
316,318,A
317,319,T
318,320,G
319,321,D
320,322,I
321,323,I
322,324,G
323,325,D
324,326,I
325,327,R
326,328,Q
327,329,A
328,330,H
329,331,C
330,332,N
331,333,V
332,334,S
333,335,K
334,336,A
335,337,T
336,338,W
337,339,N
338,340,E
339,341,T
340,342,L
341,343,G
342,344,K
343,345,V
344,346,V
345,347,K
346,348,Q
347,349,L
348,350,R
349,351,K
350,352,H
351,353,F
352,354,G
353,355,N
354,356,N
355,357,T
356,358,I
357,359,I
358,360,R
359,361,F
360,362,A
361,363,N
362,364,S
363,365,S
364,366,G
365,367,G
366,368,D
367,369,L
368,370,E
369,371,V
370,372,T
371,373,T
372,374,H
373,375,S
374,376,F
375,377,N
376,378,C
377,379,G
378,380,G
379,381,E
380,382,F
381,383,F
382,384,Y
383,385,C
384,386,N
385,387,T
386,388,S
387,389,G
388,390,L
389,391,F
390,392,N
391,393,S
392,394,T
393,395,W
394,396,I
395,397,S
396,398,N
397,399,T
398,401,S
399,402,V
400,403,Q
401,404,G
402,405,S
403,406,N
404,407,S
405,408,T
406,409,G
407,410,S
408,411,N
409,412,D
410,413,S
411,414,I
412,415,T
413,416,L
414,417,P
415,418,C
416,419,R
417,420,I
418,421,K
419,422,Q
420,423,I
421,424,I
422,425,N
423,426,M
424,427,W
425,428,Q
426,429,R
427,430,I
428,431,G
429,432,Q
430,433,A
431,434,M
432,435,Y
433,436,A
434,437,P
435,438,P
436,439,I
437,440,Q
438,441,G
439,442,V
440,443,I
441,444,R
442,445,C
443,446,V
444,447,S
445,448,N
446,449,I
447,450,T
448,451,G
449,452,L
450,453,I
451,454,L
452,455,T
453,456,R
454,457,D
455,458,G
456,459,G
457,460,S
458,461,T
459,462,N
460,463,S
461,464,T
462,465,T
463,466,E
464,467,T
465,468,F
466,469,R
467,470,P
468,471,G
469,472,G
470,473,G
471,474,D
472,475,M
473,476,R
474,477,D
475,478,N
476,479,W
477,480,R
478,481,S
479,482,E
480,483,L
481,484,Y
482,485,K
483,486,Y
484,487,K
485,488,V
486,489,V
487,490,K
488,491,I
489,492,E
490,493,P
491,494,L
492,495,G
493,496,V
494,497,A
495,498,P
496,499,T
497,500,R
498,501,A
499,502,K
500,503,R
501,504,R
502,505,V
503,506,V
504,507,G
505,508,R
506,509,E
507,510,K
508,511,R
509,512,A
510,513,V
511,514,G
512,515,I
513,516,G
514,517,A
515,518,V
516,519,F
517,520,L
518,521,G
519,522,F
520,523,L
521,524,G
522,525,A
523,526,A
524,527,G
525,528,S
526,529,T
527,530,M
528,531,G
529,532,A
530,533,A
531,534,S
532,535,M
533,536,T
534,537,L
535,538,T
536,539,V
537,540,Q
538,541,A
539,542,R
540,543,N
541,544,L
542,545,L
543,546,S
544,547,G
545,548,I
546,549,V
547,550,Q
548,551,Q
549,552,Q
550,553,S
551,554,N
552,555,L
553,556,L
554,557,R
555,558,A
556,559,I
557,560,E
558,561,A
559,562,Q
560,563,Q
561,564,H
562,565,L
563,566,L
564,567,K
565,568,L
566,569,T
567,570,V
568,571,W
569,572,G
570,573,I
571,574,K
572,575,Q
573,576,L
574,577,Q
575,578,A
576,579,R
577,580,V
578,581,L
579,582,A
580,583,V
581,584,E
582,585,R
583,586,Y
584,587,L
585,588,R
586,589,D
587,590,Q
588,591,Q
589,592,L
590,593,L
591,594,G
592,595,I
593,596,W
594,597,G
595,598,C
596,599,S
597,600,G
598,601,K
599,602,L
600,603,I
601,604,C
602,605,T
603,606,T
604,607,N
605,608,V
606,609,P
607,610,W
608,611,N
609,612,S
610,613,S
611,614,W
612,615,S
613,616,N
614,617,R
615,618,N
616,619,L
617,620,S
618,621,E
619,622,I
620,623,W
621,624,D
622,625,N
623,626,M
624,627,T
625,628,W
626,629,L
627,630,Q
628,631,W
629,632,D
630,633,K
631,634,E
632,635,I
633,636,S
634,637,N
635,638,Y
636,639,T
637,640,Q
638,641,I
639,642,I
640,643,Y
641,644,G
642,645,L
643,646,L
644,647,E
645,648,E
646,649,S
647,650,Q
648,651,N
649,652,Q
650,653,Q
651,654,E
652,655,K
653,656,N
654,657,E
655,658,Q
656,659,D
657,660,L
658,661,L
659,662,A
660,663,L
661,664,D
662,665,K
663,666,W
664,667,A
665,668,S
666,669,L
667,670,W
668,671,N
669,672,W
670,673,F
671,674,D
672,675,I
673,676,S
674,677,N
675,678,W
676,679,L
677,680,W
678,681,Y
679,682,I
680,683,K
681,684,I
682,685,F
683,686,I
684,687,M
685,688,I
686,689,V
687,690,G
688,691,G
689,692,L
690,693,I
691,694,G
692,695,L
693,696,R
694,697,I
695,698,V
696,699,F
697,700,A
698,701,V
699,702,L
700,703,S
701,704,V
702,705,I
703,706,H
704,707,R
705,708,V
706,709,R
707,710,Q
708,711,G
709,712,Y
710,713,S
711,714,P
712,715,L
713,716,S
714,717,F
715,718,Q
716,719,T
717,720,H
718,721,T
719,722,P
720,723,N
721,724,P
722,725,R
723,726,G
724,727,L
725,728,D
726,729,R
727,730,P
728,731,E
729,732,R
730,733,I
731,734,E
732,735,E
733,736,E
734,737,D
735,738,G
736,739,E
737,740,Q
738,741,D
739,742,R
740,743,G
741,744,R
742,745,S
743,746,T
744,747,R
745,748,L
746,749,V
747,750,S
748,751,G
749,752,F
750,753,L
751,754,A
752,755,L
753,756,A
754,757,W
755,758,D
756,759,D
757,760,L
758,761,R
759,762,S
760,763,L
761,764,C
762,765,L
763,766,F
764,767,C
765,768,Y
766,769,H
767,770,R
768,771,L
769,772,R
770,773,D
771,774,F
772,775,I
773,776,L
774,777,I
775,778,A
776,779,A
777,780,R
778,781,I
779,782,V
780,783,E
781,784,L
782,785,L
783,786,G
784,786a,H
785,786b,S
786,786c,S
787,786d,L
788,786e,K
789,786f,G
790,786g,L
791,787,R
792,788,L
793,789,G
794,790,W
795,791,E
796,792,G
797,793,L
798,794,K
799,795,Y
800,796,L
801,797,W
802,798,N
803,799,L
804,800,L
805,801,A
806,802,Y
807,803,W
808,804,G
809,805,R
810,806,E
811,807,L
812,808,K
813,809,I
814,810,S
815,811,A
816,812,I
817,813,N
818,814,L
819,815,F
820,816,D
821,817,T
822,818,I
823,819,A
824,820,I
825,821,A
826,822,V
827,823,A
828,824,E
829,825,W
830,826,T
831,827,D
832,828,R
833,829,V
834,830,I
835,831,E
836,832,I
837,833,G
838,834,Q
839,835,R
840,836,L
841,837,C
842,838,R
843,839,A
844,840,F
845,841,L
846,842,H
847,843,I
848,844,P
849,845,R
850,846,R
851,847,I
852,848,R
853,849,Q
854,850,G
855,851,L
856,852,E
857,853,R
858,854,A
859,855,L
860,856,L
