original,new
1,1
2,2
3,3
4,4
5,4a
6,4b
7,4c
8,5
9,6
10,7
11,8
12,9
13,10
14,11
15,12
16,17
17,18
18,19
19,20
20,21
21,22
22,23
23,24
24,25
25,26
26,27
27,28
28,29
29,30
30,31
31,32
32,33
33,34
34,35
35,36
36,37
37,38
38,39
39,40
40,41
41,42
42,43
43,44
44,45
45,46
46,47
47,48
48,49
49,50
50,51
51,52
52,53
53,54
54,55
55,56
56,57
57,58
58,59
59,60
60,61
61,62
62,63
63,64
64,65
65,66
66,67
67,68
68,69
69,70
70,71
71,72
72,73
73,74
74,75
75,76
76,77
77,78
78,79
79,80
80,81
81,82
82,83
83,84
84,85
85,86
86,87
87,88
88,89
89,90
90,91
91,92
92,93
93,94
94,95
95,96
96,97
97,98
98,99
99,100
100,101
101,102
102,103
103,104
104,105
105,106
106,107
107,108
108,109
109,110
110,111
111,112
112,113
113,114
114,115
115,116
116,117
117,118
118,119
119,120
120,121
121,122
122,123
123,124
124,125
125,126
126,127
127,128
128,129
129,130
130,131
131,132
132,133
133,134
134,135
135,136
136,137
137,138
138,139
139,140
140,141
141,142
142,151
143,152
144,153
145,154
146,155
147,156
148,157
149,158
150,159
151,160
152,161
153,162
154,163
155,164
156,165
157,166
158,167
159,168
160,169
161,170
162,171
163,172
164,173
165,174
166,175
167,176
168,177
169,178
170,179
171,180
172,181
173,182
174,183
175,184
176,184a
177,184b
178,185
179,186
180,187
181,188
182,189
183,190
184,190a
185,191
186,192
187,193
188,194
189,195
190,196
191,197
192,198
193,199
194,200
195,201
196,202
197,203
198,204
199,205
200,206
201,207
202,208
203,209
204,210
205,211
206,212
207,213
208,214
209,215
210,216
211,217
212,218
213,219
214,220
215,221
216,222
217,223
218,224
219,225
220,226
221,227
222,228
223,229
224,230
225,231
226,232
227,233
228,234
229,235
230,236
231,237
232,238
233,239
234,240
235,241
236,242
237,243
238,244
239,245
240,246
241,247
242,248
243,249
244,250
245,251
246,252
247,253
248,254
249,255
250,256
251,257
252,258
253,259
254,260
255,261
256,262
257,263
258,264
259,265
260,266
261,267
262,268
263,269
264,270
265,271
266,272
267,273
268,274
269,275
270,276
271,277
272,278
273,279
274,280
275,281
276,282
277,283
278,284
279,285
280,286
281,287
282,288
283,289
284,290
285,291
286,292
287,293
288,294
289,295
290,296
291,297
292,298
293,299
294,300
295,301
296,302
297,303
298,304
299,305
300,306
301,307
302,308
303,309
304,312
305,313
306,314
307,315
308,316
309,317
310,317a
311,318
312,319
313,320
314,321
315,322
316,323
317,324
318,325
319,326
320,327
321,328
322,329
323,330
324,331
325,332
326,333
327,334
328,335
329,336
330,337
331,338
332,339
333,340
334,341
335,342
336,343
337,344
338,345
339,346
340,347
341,348
342,349
343,350
344,351
345,352
346,353
347,354
348,355
349,356
350,357
351,358
352,359
353,360
354,361
355,362
356,363
357,364
358,365
359,366
360,367
361,368
362,369
363,370
364,371
365,372
366,373
367,374
368,375
369,376
370,377
371,378
372,379
373,380
374,381
375,382
376,383
377,384
378,385
379,386
380,387
381,388
382,389
383,390
384,391
385,392
386,393
387,394
388,395
389,395a
390,396
391,397
392,398
393,399
394,400
395,406
396,407
397,408
398,409
399,410
400,411
401,412
402,413
403,414
404,415
405,416
406,417
407,418
408,419
409,420
410,421
411,422
412,423
413,424
414,425
415,426
416,427
417,428
418,429
419,430
420,431
421,432
422,433
423,434
424,435
425,436
426,437
427,438
428,439
429,440
430,441
431,442
432,443
433,444
434,445
435,446
436,447
437,448
438,449
439,450
440,451
441,452
442,453
443,454
444,455
445,456
446,457
447,458
448,459
449,460
450,461
451,462
452,463
453,464
454,465
455,466
456,467
457,468
458,469
459,470
460,471
461,472
462,473
463,474
464,475
465,476
466,477
467,478
468,479
469,480
470,481
471,482
472,483
473,484
474,485
475,486
476,487
477,488
478,489
479,490
480,491
481,492
482,493
483,494
484,495
485,496
486,497
487,498
488,499
489,500
490,501
491,502
492,503
493,504
494,505
495,506
496,507
497,508
498,509
499,510
500,511
501,512
502,513
503,514
504,515
505,516
506,517
507,518
508,519
509,520
510,521
511,522
512,523
513,524
514,525
515,526
516,527
517,528
518,529
519,530
520,531
521,532
522,533
523,534
524,535
525,536
526,537
527,538
528,539
529,540
530,541
531,542
532,543
533,544
534,545
535,546
536,547
537,548
538,549
539,550
540,551
541,552
542,553
543,554
544,555
545,556
546,557
547,558
548,559
549,560
550,561
551,562
552,563
553,564
554,565
555,566
556,567
557,568
558,569
559,570
560,571
561,572
562,573
563,574
564,575
565,576
566,577
567,578
568,579
569,580
570,581
571,582
572,583
573,584
574,585
575,586
576,587
577,588
578,589
579,590
580,591
581,592
582,593
583,594
584,595
585,596
586,597
587,598
588,599
589,600
590,601
591,602
592,603
593,604
594,605
595,606
596,607
597,608
598,609
599,610
600,611
601,612
602,613
603,614
604,615
605,616
606,617
607,618
608,619
609,620
610,621
611,622
612,623
613,624
614,625
615,626
616,627
617,628
618,629
619,630
620,631
621,632
622,633
623,634
624,635
625,636
626,637
627,638
628,639
629,640
630,641
631,642
632,643
633,644
634,645
635,646
636,647
637,648
638,649
639,650
640,651
641,652
642,653
643,654
644,655
645,656
646,657
647,658
648,659
649,660
650,661
651,662
652,663
653,664
654,665
655,666
656,667
657,668
658,669
659,670
660,671
661,672
662,673
663,674
664,675
665,676
666,677
667,678
668,679
669,680
670,681
671,682
672,683
673,684
674,685
675,686
676,687
677,688
678,689
679,690
680,691
681,692
682,693
683,694
684,695
685,696
686,697
687,698
688,699
689,700
690,701
691,702
692,703
693,704
694,705
695,706
696,707
697,708
698,709
699,710
700,711
701,712
702,713
703,714
704,715
705,716
706,717
707,718
708,719
709,720
710,721
711,722
712,723
713,724
714,725
715,726
716,727
717,728
718,729
719,730
720,731
721,732
722,733
723,734
724,735
725,736
726,737
727,738
728,739
729,740
730,741
731,742
732,743
733,744
734,745
735,746
736,747
737,748
738,749
739,750
740,751
741,752
742,753
743,754
744,755
745,756
746,757
747,758
748,759
749,760
750,761
751,762
752,763
753,764
754,765
755,766
756,767
757,768
758,769
759,770
760,771
761,772
762,773
763,774
764,775
765,776
766,777
767,778
768,779
769,780
770,781
771,782
772,783
773,784
774,785
775,786
776,786a
777,786b
778,786c
779,786d
780,786e
781,786f
782,786g
783,787
784,788
785,789
786,790
787,791
788,792
789,793
790,794
791,795
792,796
793,797
794,798
795,799
796,800
797,801
798,802
799,803
800,804
801,805
802,806
803,807
804,808
805,809
806,810
807,811
808,812
809,813
810,814
811,815
812,816
813,817
814,818
815,819
816,820
817,821
818,822
819,823
820,824
821,825
822,826
823,827
824,828
825,829
826,830
827,831
828,832
829,833
830,834
831,835
832,836
833,837
834,838
835,839
836,840
837,841
838,842
839,843
840,844
841,845
842,846
843,847
844,848
845,849
846,850
847,851
848,852
849,853
850,854
851,855
852,856
