site,V/C
31,conserved
32,variable
33,conserved
34,conserved
35,conserved
36,conserved
37,conserved
38,conserved
39,conserved
40,conserved
41,conserved
42,conserved
43,conserved
44,conserved
45,conserved
46,conserved
47,conserved
48,conserved
49,conserved
50,conserved
51,conserved
52,conserved
53,conserved
54,conserved
55,conserved
56,conserved
57,conserved
58,conserved
59,conserved
60,conserved
61,conserved
62,variable
63,variable
64,conserved
65,variable
66,conserved
67,conserved
68,variable
69,conserved
70,conserved
71,conserved
72,conserved
73,conserved
74,conserved
75,conserved
76,conserved
77,conserved
78,conserved
79,conserved
80,conserved
81,conserved
82,conserved
83,conserved
84,conserved
85,variable
86,conserved
87,conserved
88,conserved
89,conserved
90,conserved
91,conserved
92,conserved
93,conserved
94,conserved
95,conserved
96,conserved
97,conserved
98,conserved
99,conserved
100,conserved
101,conserved
102,conserved
103,conserved
104,conserved
105,conserved
106,conserved
107,conserved
108,conserved
109,conserved
110,conserved
111,conserved
112,conserved
113,conserved
114,conserved
115,variable
116,conserved
117,conserved
118,conserved
119,conserved
120,conserved
121,conserved
122,conserved
123,conserved
124,conserved
125,conserved
126,conserved
127,conserved
128,conserved
129,conserved
130,variable
131,conserved
132,variable
133,conserved
134,conserved
135,conserved
136,variable
137,conserved
138,conserved
139,conserved
140,variable
141,conserved
142,conserved
151,variable
152,variable
153,conserved
154,variable
155,variable
156,conserved
157,conserved
158,conserved
159,variable
160,conserved
161,variable
162,conserved
163,conserved
164,variable
165,variable
166,conserved
167,conserved
168,conserved
169,conserved
170,conserved
171,conserved
172,conserved
173,variable
174,conserved
175,conserved
176,conserved
177,conserved
178,variable
179,conserved
180,conserved
181,conserved
182,conserved
183,conserved
184,conserved
184a,variable
184b,variable
185,conserved
186,conserved
187,variable
188,variable
189,variable
190,variable
191,conserved
192,conserved
193,conserved
194,conserved
195,conserved
196,conserved
197,conserved
198,conserved
199,conserved
200,conserved
201,conserved
202,conserved
203,conserved
204,conserved
205,conserved
206,conserved
207,conserved
208,conserved
209,variable
210,conserved
211,conserved
212,conserved
213,conserved
214,conserved
215,conserved
216,conserved
217,conserved
218,conserved
219,conserved
220,conserved
221,conserved
222,conserved
223,conserved
224,conserved
225,conserved
226,conserved
227,conserved
228,conserved
229,conserved
230,conserved
231,variable
232,conserved
233,conserved
234,conserved
235,conserved
236,conserved
237,conserved
238,variable
239,conserved
240,variable
241,variable
242,conserved
243,conserved
244,conserved
245,conserved
246,conserved
247,conserved
248,conserved
249,conserved
250,conserved
251,conserved
252,conserved
253,conserved
254,conserved
255,conserved
256,conserved
257,conserved
258,conserved
259,conserved
260,conserved
261,conserved
262,conserved
263,conserved
264,conserved
265,conserved
266,conserved
267,conserved
268,variable
269,conserved
270,conserved
271,variable
272,conserved
273,conserved
274,conserved
275,conserved
276,conserved
277,conserved
278,conserved
279,conserved
280,conserved
281,conserved
282,conserved
283,conserved
284,conserved
285,variable
286,conserved
287,conserved
288,variable
289,variable
290,variable
291,conserved
292,conserved
293,variable
294,conserved
295,conserved
296,conserved
297,variable
298,conserved
299,conserved
300,conserved
301,conserved
302,conserved
303,conserved
304,conserved
305,conserved
306,conserved
307,variable
308,variable
309,variable
312,conserved
313,conserved
314,conserved
315,conserved
316,conserved
317,conserved
317a,conserved
318,conserved
319,conserved
320,variable
321,variable
322,conserved
323,conserved
324,conserved
325,variable
326,conserved
327,conserved
328,conserved
329,conserved
330,conserved
331,conserved
332,conserved
333,conserved
334,conserved
335,conserved
336,variable
337,variable
338,conserved
339,conserved
340,variable
341,conserved
342,conserved
343,variable
344,conserved
345,conserved
346,variable
347,variable
348,conserved
349,conserved
350,conserved
351,variable
352,variable
353,conserved
354,variable
355,conserved
356,conserved
357,conserved
358,conserved
359,conserved
360,variable
361,conserved
362,conserved
363,conserved
364,conserved
365,conserved
366,conserved
367,conserved
368,conserved
369,conserved
370,conserved
371,variable
372,conserved
373,conserved
374,conserved
375,conserved
376,conserved
377,conserved
378,conserved
379,conserved
380,conserved
381,conserved
382,conserved
383,conserved
384,conserved
385,conserved
386,conserved
387,conserved
388,conserved
389,conserved
390,conserved
391,conserved
392,conserved
393,conserved
394,conserved
395,conserved
396,variable
397,variable
398,variable
399,conserved
406,conserved
407,variable
408,variable
409,variable
410,conserved
411,variable
412,variable
413,variable
414,conserved
415,conserved
416,conserved
417,variable
418,conserved
419,conserved
420,conserved
421,conserved
422,conserved
423,conserved
424,conserved
425,conserved
426,conserved
427,conserved
428,conserved
429,conserved
430,variable
431,conserved
432,conserved
433,conserved
434,variable
435,conserved
436,conserved
437,conserved
438,conserved
439,conserved
440,variable
441,conserved
442,conserved
443,conserved
444,conserved
445,conserved
446,variable
447,conserved
448,conserved
449,conserved
450,conserved
451,conserved
452,conserved
453,conserved
454,conserved
455,conserved
456,conserved
457,conserved
458,conserved
459,conserved
460,conserved
461,variable
462,variable
463,variable
464,conserved
465,variable
466,conserved
467,conserved
468,conserved
469,conserved
470,conserved
471,conserved
472,conserved
473,conserved
474,conserved
475,conserved
476,conserved
477,conserved
478,conserved
479,conserved
480,conserved
481,conserved
482,conserved
483,conserved
484,conserved
485,conserved
486,conserved
487,conserved
488,conserved
489,conserved
490,conserved
491,conserved
492,conserved
493,conserved
494,variable
495,conserved
496,conserved
497,conserved
498,conserved
499,conserved
500,conserved
501,conserved
502,conserved
503,conserved
504,conserved
505,conserved
506,conserved
507,variable
508,conserved
509,conserved
510,conserved
511,conserved
512,conserved
513,conserved
514,conserved
515,conserved
516,conserved
517,conserved
518,conserved
519,conserved
520,variable
521,conserved
522,conserved
523,conserved
524,conserved
525,conserved
526,conserved
527,conserved
528,conserved
529,conserved
530,conserved
531,conserved
532,conserved
533,conserved
534,conserved
535,variable
536,conserved
537,conserved
538,conserved
539,conserved
540,conserved
541,conserved
542,conserved
543,variable
544,conserved
545,conserved
546,conserved
547,conserved
548,conserved
549,conserved
550,conserved
551,conserved
552,conserved
553,conserved
554,conserved
555,conserved
556,conserved
557,conserved
558,conserved
559,conserved
560,conserved
561,conserved
562,conserved
563,conserved
564,conserved
565,conserved
566,conserved
567,conserved
568,conserved
569,conserved
570,conserved
571,conserved
572,conserved
573,conserved
574,conserved
575,conserved
576,conserved
577,conserved
578,conserved
579,conserved
580,conserved
581,conserved
582,conserved
583,conserved
584,conserved
585,conserved
586,conserved
587,conserved
588,variable
589,conserved
590,conserved
591,conserved
592,conserved
593,conserved
594,conserved
595,conserved
596,conserved
597,conserved
598,conserved
599,conserved
600,conserved
601,conserved
602,conserved
603,conserved
604,conserved
605,conserved
606,conserved
607,conserved
608,conserved
609,conserved
610,conserved
611,conserved
612,conserved
613,conserved
614,conserved
615,conserved
616,conserved
617,variable
618,variable
619,variable
620,variable
621,conserved
622,conserved
623,conserved
624,variable
625,conserved
626,conserved
627,conserved
628,conserved
629,conserved
630,conserved
631,conserved
632,conserved
633,conserved
634,conserved
635,variable
636,conserved
637,conserved
638,conserved
639,conserved
640,conserved
641,conserved
642,conserved
643,conserved
644,variable
645,conserved
646,variable
647,conserved
648,conserved
649,conserved
650,conserved
651,conserved
652,conserved
653,conserved
654,conserved
655,conserved
656,conserved
657,conserved
658,conserved
659,conserved
660,conserved
661,conserved
662,conserved
663,conserved
664,conserved
665,conserved
666,conserved
667,conserved
668,conserved
669,conserved
670,conserved
671,conserved
672,conserved
673,conserved
674,variable
675,conserved
676,conserved
677,variable
678,conserved
679,conserved
680,conserved
681,conserved
682,conserved
683,conserved
684,conserved
685,conserved
686,conserved
687,variable
688,conserved
689,conserved
690,conserved
691,conserved
692,conserved
693,conserved
694,conserved
695,conserved
696,conserved
697,conserved
698,conserved
699,conserved
700,conserved
701,conserved
702,conserved
